{
  "camera": {
    "position": [
      3.394255563975914,
      -4.057495805486406,
      5.15310804497267
    ],
    "focal_point": [
      -0.09484875202178955,
      -0.07701563835144043,
      0.0
    ],
    "view_up": [
      -0.39080427982769295,
      0.5813420428507312,
      0.7136619956831786
    ],
    "view_angle": 30.0,
    "clipping_range": [
      3.87393607036768,
      11.820318099690326
    ]
  },
  "mesh": {
    "position": [
      0.0,
      0.0,
      0.0
    ],
    "transform_matrix": [
      [
        1.0000000000000169,
        -1.7715863498413142e-15,
        -5.48172618408671e-16,
        0.0
      ],
      [
        -7.134050294954619e-16,
        1.000000000000017,
        2.275957200481571e-15,
        0.0
      ],
      [
        -1.7069679003611782e-15,
        1.1518563880486e-15,
        1.0000000000000175,
        0.0
      ],
      [
        0.0,
        0.0,
        0.0,
        1.0
      ]
    ],
    "color": "black",
    "linewidth": 4,
    "edge_color": [
      1,
      1,
      1
    ]
  },
  "viewport": {
    "size": [
      1272,
      1432
    ],
    "background_color": "white"
  },
  "svg": {
    "stroke_width": 12,
    "background": "white",
    "fill": "black",
    "stroke": "white"
  }
}